{
  "required": true,
  "minVersion": "0.8",
  "package": "dev.FORE.mixin",
  "compatibilityLevel": "JAVA_21",
  "mixins": [
    "ClientConnectionMixin",
    "EntityMixin",
    "LivingEntityMixin"
  ],
  "client": [
    "CameraMixin",
    "ClientPlayerEntityMixin",
    "ClientPlayerInteractionManagerAccessor",
    "ClientPlayerInteractionManagerMixin",
    "FrustumAccessor",
    "GameRendererMixin",
    "InGameHudMixin",
    "KeyBindingAccessor",
    "KeyBindingMixin",
    "KeyboardMixin",
    "MinecraftClientAccessor",
    "MinecraftClientMixin",
    "ScreenMixin",
    "EntityRenderDispatcherMixin",
    "CountPlacementModifierAccessor",
    "HeightRangePlacementModifierAccessor",
    "RarityFilterPlacementModifierAccessor",
    "HeightContextMixin",
    "ClientPlayNetworkHandlerMixin",
    "WorldChunkMixin",
    "HandledScreenMixin",
    "MobSpawnerLogicAccessor",
    "MouseMixin",
    "ChunkOcclusionDataBuilderMixin",
    "TextVisitFactoryMixin",
    "TitleScreenMixin",
    "ParticleManagerMixin",
    "ExplosionMixin",
    "HeldItemRendererMixin",
    "EntityRendererMixin",
    "ItemStackMixin",
    "TridentItemMixin",
    "EnderPearlVelocityMixin",
    "MainMenuMixin",
    "PlayerMoveC2SPacketMixin",
    "PlayerInteractEntityC2SPacketMixin",
    "EntityVelocityUpdateS2CPacketMixin",
    "ItemModelsMixin"
  ],
  "injectors": {
    "defaultRequire": 1
  },
  "refmap": "fore-refmap.json"
}