{
  "schemaVersion": 1,
  "id": "immediatelyfast",
  "version": "1.6.7+1.21.1",
  "name": "ImmediatelyFast",
  "description": "Speed up and optimize immediate mode rendering in Minecraft",
  "authors": [
    "RK_01"
  ],
  "contact": {
    "homepage": "https://modrinth.com/mod/immediatelyfast",
    "sources": "https://github.com/RaphiMC/ImmediatelyFast",
    "issues": "https://github.com/RaphiMC/ImmediatelyFast/issues"
  },
  "license": "LGPL-3.0",
  "icon": "icon.png",
  "environment": "client",
  "entrypoints": {
    "main": [
      "dev.FORE.Main"
    ]
  },
  "depends": {
    "fabricloader": "\u003e\u003d0.15.11",
    "minecraft": "\u003e\u003d1.21"
  },
  "recommends": {
    "modmenu": "\u003e\u003d10.0.0"
  },
  "mixins": [
    "client.mixins.json"
  ],
  "jars": [
    {
      "file": "META-INF/jars/cloth-config-fabric-15.0.127-fabric.jar"
    },
    {
      "file": "META-INF/jars/fabric-resource-loader-v0-1.1.3+b559734490.jar"
    },
    {
      "file": "META-INF/jars/DiscordIPC-a8d6631.jar"
    },
    {
      "file": "META-INF/jars/json-20230227.jar"
    }
  ]
}