{
  "mappings": {
    "dev/FORE/mixin/CameraMixin": {
      "Lnet/minecraft/client/render/Camera;setPos(DDD)V": "Lnet/minecraft/class_4184;method_19327(DDD)V",
      "Lnet/minecraft/client/render/Camera;setRotation(FF)V": "Lnet/minecraft/class_4184;method_19325(FF)V",
      "isThirdPerson": "Lnet/minecraft/class_4184;method_19333()Z",
      "update": "Lnet/minecraft/class_4184;method_19321(Lnet/minecraft/class_1922;Lnet/minecraft/class_1297;ZZF)V"
    },
    "dev/FORE/mixin/ChunkOcclusionDataBuilderMixin": {
      "markClosed": "Lnet/minecraft/class_852;method_3682(Lnet/minecraft/class_2338;)V"
    },
    "dev/FORE/mixin/ClientConnectionMixin": {
      "handlePacket": "Lnet/minecraft/class_2535;method_10759(Lnet/minecraft/class_2596;Lnet/minecraft/class_2547;)V",
      "send(Lnet/minecraft/network/packet/Packet;)V": "Lnet/minecraft/class_2535;method_10743(Lnet/minecraft/class_2596;)V"
    },
    "dev/FORE/mixin/ClientPlayNetworkHandlerMixin": {
      "onChunkData": "Lnet/minecraft/class_634;method_11128(Lnet/minecraft/class_2672;)V",
      "onEntitySpawn": "Lnet/minecraft/class_634;method_11112(Lnet/minecraft/class_2604;)V"
    },
    "dev/FORE/mixin/ClientPlayerEntityMixin": {
      "sendMovementPackets": "Lnet/minecraft/class_746;method_3136()V",
      "tick": "Lnet/minecraft/class_746;method_5773()V"
    },
    "dev/FORE/mixin/ClientPlayerInteractionManagerAccessor": {
      "syncSelectedSlot": "method_2911()V"
    },
    "dev/FORE/mixin/ClientPlayerInteractionManagerMixin": {
      "attackBlock": "Lnet/minecraft/class_636;method_2910(Lnet/minecraft/class_2338;Lnet/minecraft/class_2350;)Z"
    },
    "dev/FORE/mixin/CountPlacementModifierAccessor": {
      "count": "field_35719:Lnet/minecraft/class_6017;"
    },
    "dev/FORE/mixin/EnderPearlVelocityMixin": {
      "tick": "Lnet/minecraft/class_1684;method_5773()V"
    },
    "dev/FORE/mixin/EntityMixin": {
      "changeLookDirection": "Lnet/minecraft/class_1297;method_5872(DD)V",
      "getPose": "Lnet/minecraft/class_1297;method_18376()Lnet/minecraft/class_4050;",
      "getTargetingMargin": "Lnet/minecraft/class_1297;method_5871()F"
    },
    "dev/FORE/mixin/EntityRenderDispatcherMixin": {
      "renderHitbox": "Lnet/minecraft/class_898;method_3956(Lnet/minecraft/class_4587;Lnet/minecraft/class_4588;Lnet/minecraft/class_1297;FFFF)V"
    },
    "dev/FORE/mixin/EntityRendererMixin": {
      "render": "Lnet/minecraft/class_897;method_3936(Lnet/minecraft/class_1297;FFLnet/minecraft/class_4587;Lnet/minecraft/class_4597;I)V"
    },
    "dev/FORE/mixin/ExplosionMixin": {
      "tick": "Lnet/minecraft/class_1541;method_5773()V"
    },
    "dev/FORE/mixin/FrustumAccessor": {
      "x": "field_20995:D",
      "y": "field_20996:D",
      "z": "field_20997:D"
    },
    "dev/FORE/mixin/GameRendererMixin": {
      "Lnet/minecraft/util/profiler/Profiler;swap(Ljava/lang/String;)V": "Lnet/minecraft/class_3695;method_15405(Ljava/lang/String;)V",
      "renderWorld": "Lnet/minecraft/class_757;method_3188(Lnet/minecraft/class_9779;)V",
      "shouldRenderBlockOutline": "Lnet/minecraft/class_757;method_3202()Z"
    },
    "dev/FORE/mixin/HandledScreenMixin": {
      "focusedSlot": "field_2787:Lnet/minecraft/class_1735;"
    },
    "dev/FORE/mixin/HeightContextMixin": {
      "<init>": "Lnet/minecraft/class_5868;<init>(Lnet/minecraft/class_2794;Lnet/minecraft/class_5539;)V",
      "Lnet/minecraft/world/gen/chunk/ChunkGenerator;getMinimumY()I": "Lnet/minecraft/class_2794;method_33730()I",
      "Lnet/minecraft/world/gen/chunk/ChunkGenerator;getWorldHeight()I": "Lnet/minecraft/class_2794;method_12104()I"
    },
    "dev/FORE/mixin/HeightRangePlacementModifierAccessor": {
      "height": "field_35726:Lnet/minecraft/class_6122;"
    },
    "dev/FORE/mixin/HeldItemRendererMixin": {
      "Lnet/minecraft/client/render/item/HeldItemRenderer;renderFirstPersonItem(Lnet/minecraft/client/network/AbstractClientPlayerEntity;FFLnet/minecraft/util/Hand;FLnet/minecraft/item/ItemStack;FLnet/minecraft/client/util/math/MatrixStack;Lnet/minecraft/client/render/VertexConsumerProvider;I)V": "Lnet/minecraft/class_759;method_3228(Lnet/minecraft/class_742;FFLnet/minecraft/class_1268;FLnet/minecraft/class_1799;FLnet/minecraft/class_4587;Lnet/minecraft/class_4597;I)V",
      "Lnet/minecraft/client/render/item/HeldItemRenderer;renderItem(Lnet/minecraft/entity/LivingEntity;Lnet/minecraft/item/ItemStack;Lnet/minecraft/client/render/model/json/ModelTransformationMode;ZLnet/minecraft/client/util/math/MatrixStack;Lnet/minecraft/client/render/VertexConsumerProvider;I)V": "Lnet/minecraft/class_759;method_3233(Lnet/minecraft/class_1309;Lnet/minecraft/class_1799;Lnet/minecraft/class_811;ZLnet/minecraft/class_4587;Lnet/minecraft/class_4597;I)V",
      "renderFirstPersonItem": "Lnet/minecraft/class_759;method_3228(Lnet/minecraft/class_742;FFLnet/minecraft/class_1268;FLnet/minecraft/class_1799;FLnet/minecraft/class_4587;Lnet/minecraft/class_4597;I)V",
      "renderItem(FLnet/minecraft/client/util/math/MatrixStack;Lnet/minecraft/client/render/VertexConsumerProvider$Immediate;Lnet/minecraft/client/network/ClientPlayerEntity;I)V": "Lnet/minecraft/class_759;method_22976(FLnet/minecraft/class_4587;Lnet/minecraft/class_4597$class_4598;Lnet/minecraft/class_746;I)V"
    },
    "dev/FORE/mixin/IClientWorldMixin": {
      "pendingUpdateManager": "field_37951:Lnet/minecraft/class_7202;"
    },
    "dev/FORE/mixin/InGameHudMixin": {
      "render": "Lnet/minecraft/class_329;method_1753(Lnet/minecraft/class_332;Lnet/minecraft/class_9779;)V"
    },
    "dev/FORE/mixin/ItemModelsMixin": {
      "getModel(Lnet/minecraft/item/ItemStack;)Lnet/minecraft/client/render/model/BakedModel;": "Lnet/minecraft/class_763;method_3308(Lnet/minecraft/class_1799;)Lnet/minecraft/class_1087;"
    },
    "dev/FORE/mixin/ItemStackMixin": {
      "decrement": "Lnet/minecraft/class_1799;method_7934(I)V",
      "getName": "Lnet/minecraft/class_1799;method_7964()Lnet/minecraft/class_2561;"
    },
    "dev/FORE/mixin/KeyBindingAccessor": {
      "boundKey": "field_1655:Lnet/minecraft/class_3675$class_306;"
    },
    "dev/FORE/mixin/KeyboardMixin": {
      "onKey": "Lnet/minecraft/class_309;method_1466(JIIII)V"
    },
    "dev/FORE/mixin/LivingEntityMixin": {
      "getHandSwingDuration": "Lnet/minecraft/class_1309;method_6028()I"
    },
    "dev/FORE/mixin/MainMenuMixin": {
      "Lnet/minecraft/client/gui/DrawContext;drawTextWithShadow(Lnet/minecraft/client/font/TextRenderer;Ljava/lang/String;III)I": "Lnet/minecraft/class_332;method_25303(Lnet/minecraft/class_327;Ljava/lang/String;III)I",
      "render": "Lnet/minecraft/class_442;method_25394(Lnet/minecraft/class_332;IIF)V"
    },
    "dev/FORE/mixin/MinecraftClientAccessor": {
      "doAttack": "method_1536()Z",
      "doItemUse": "method_1583()V"
    },
    "dev/FORE/mixin/MinecraftClientMixin": {
      "doAttack": "Lnet/minecraft/class_310;method_1536()Z",
      "doItemUse": "Lnet/minecraft/class_310;method_1583()V",
      "handleBlockBreaking": "Lnet/minecraft/class_310;method_1590(Z)V",
      "onResolutionChanged": "Lnet/minecraft/class_310;method_15993()V",
      "setScreen": "Lnet/minecraft/class_310;method_1507(Lnet/minecraft/class_437;)V",
      "stop": "Lnet/minecraft/class_310;method_1490()V",
      "tick": "Lnet/minecraft/class_310;method_1574()V"
    },
    "dev/FORE/mixin/MobSpawnerLogicAccessor": {
      "spawnEntry": "field_9155:Lnet/minecraft/class_1952;"
    },
    "dev/FORE/mixin/MouseMixin": {
      "onMouseButton": "Lnet/minecraft/class_312;method_1601(JIII)V",
      "onMouseScroll": "Lnet/minecraft/class_312;method_1598(JDD)V"
    },
    "dev/FORE/mixin/ParticleManagerMixin": {
      "addParticle(Lnet/minecraft/particle/ParticleEffect;DDDDDD)Lnet/minecraft/client/particle/Particle;": "Lnet/minecraft/class_702;method_3056(Lnet/minecraft/class_2394;DDDDDD)Lnet/minecraft/class_703;"
    },
    "dev/FORE/mixin/PlayerInventoryAccessorMixin": {
      "selectedSlot": "field_7545:I"
    },
    "dev/FORE/mixin/RarityFilterPlacementModifierAccessor": {
      "chance": "field_35753:I"
    },
    "dev/FORE/mixin/ScreenMixin": {
      "renderBackground": "Lnet/minecraft/class_437;method_25420(Lnet/minecraft/class_332;IIF)V",
      "resize": "Lnet/minecraft/class_437;method_25410(Lnet/minecraft/class_310;II)V",
      "setInitialFocus": "Lnet/minecraft/class_437;method_56131()V"
    },
    "dev/FORE/mixin/TextVisitFactoryMixin": {
      "Lnet/minecraft/text/TextVisitFactory;visitFormatted(Ljava/lang/String;ILnet/minecraft/text/Style;Lnet/minecraft/text/Style;Lnet/minecraft/text/CharacterVisitor;)Z": "Lnet/minecraft/class_5223;method_27473(Ljava/lang/String;ILnet/minecraft/class_2583;Lnet/minecraft/class_2583;Lnet/minecraft/class_5224;)Z",
      "visitFormatted(Ljava/lang/String;ILnet/minecraft/text/Style;Lnet/minecraft/text/CharacterVisitor;)Z": "Lnet/minecraft/class_5223;method_27472(Ljava/lang/String;ILnet/minecraft/class_2583;Lnet/minecraft/class_5224;)Z"
    },
    "dev/FORE/mixin/TitleScreenMixin": {
      "init": "Lnet/minecraft/class_442;method_25426()V"
    },
    "dev/FORE/mixin/TridentItemMixin": {
      "Lnet/minecraft/entity/player/PlayerEntity;addVelocity(DDD)V": "Lnet/minecraft/class_1657;method_5762(DDD)V",
      "Lnet/minecraft/entity/player/PlayerEntity;isTouchingWaterOrRain()Z": "Lnet/minecraft/class_1657;method_5721()Z",
      "onStoppedUsing": "Lnet/minecraft/class_1835;method_7840(Lnet/minecraft/class_1799;Lnet/minecraft/class_1937;Lnet/minecraft/class_1309;I)V",
      "use": "Lnet/minecraft/class_1835;method_7836(Lnet/minecraft/class_1937;Lnet/minecraft/class_1657;Lnet/minecraft/class_1268;)Lnet/minecraft/class_1271;"
    },
    "dev/FORE/mixin/WorldChunkMixin": {
      "setBlockState": "Lnet/minecraft/class_2818;method_12010(Lnet/minecraft/class_2338;Lnet/minecraft/class_2680;Z)Lnet/minecraft/class_2680;"
    }
  },
  "data": {
    "named:intermediary": {
      "dev/FORE/mixin/CameraMixin": {
        "Lnet/minecraft/client/render/Camera;setPos(DDD)V": "Lnet/minecraft/class_4184;method_19327(DDD)V",
        "Lnet/minecraft/client/render/Camera;setRotation(FF)V": "Lnet/minecraft/class_4184;method_19325(FF)V",
        "isThirdPerson": "Lnet/minecraft/class_4184;method_19333()Z",
        "update": "Lnet/minecraft/class_4184;method_19321(Lnet/minecraft/class_1922;Lnet/minecraft/class_1297;ZZF)V"
      },
      "dev/FORE/mixin/ChunkOcclusionDataBuilderMixin": {
        "markClosed": "Lnet/minecraft/class_852;method_3682(Lnet/minecraft/class_2338;)V"
      },
      "dev/FORE/mixin/ClientConnectionMixin": {
        "handlePacket": "Lnet/minecraft/class_2535;method_10759(Lnet/minecraft/class_2596;Lnet/minecraft/class_2547;)V",
        "send(Lnet/minecraft/network/packet/Packet;)V": "Lnet/minecraft/class_2535;method_10743(Lnet/minecraft/class_2596;)V"
      },
      "dev/FORE/mixin/ClientPlayNetworkHandlerMixin": {
        "onChunkData": "Lnet/minecraft/class_634;method_11128(Lnet/minecraft/class_2672;)V",
        "onEntitySpawn": "Lnet/minecraft/class_634;method_11112(Lnet/minecraft/class_2604;)V"
      },
      "dev/FORE/mixin/ClientPlayerEntityMixin": {
        "sendMovementPackets": "Lnet/minecraft/class_746;method_3136()V",
        "tick": "Lnet/minecraft/class_746;method_5773()V"
      },
      "dev/FORE/mixin/ClientPlayerInteractionManagerAccessor": {
        "syncSelectedSlot": "method_2911()V"
      },
      "dev/FORE/mixin/ClientPlayerInteractionManagerMixin": {
        "attackBlock": "Lnet/minecraft/class_636;method_2910(Lnet/minecraft/class_2338;Lnet/minecraft/class_2350;)Z"
      },
      "dev/FORE/mixin/CountPlacementModifierAccessor": {
        "count": "field_35719:Lnet/minecraft/class_6017;"
      },
      "dev/FORE/mixin/EnderPearlVelocityMixin": {
        "tick": "Lnet/minecraft/class_1684;method_5773()V"
      },
      "dev/FORE/mixin/EntityMixin": {
        "changeLookDirection": "Lnet/minecraft/class_1297;method_5872(DD)V",
        "getPose": "Lnet/minecraft/class_1297;method_18376()Lnet/minecraft/class_4050;",
        "getTargetingMargin": "Lnet/minecraft/class_1297;method_5871()F"
      },
      "dev/FORE/mixin/EntityRenderDispatcherMixin": {
        "renderHitbox": "Lnet/minecraft/class_898;method_3956(Lnet/minecraft/class_4587;Lnet/minecraft/class_4588;Lnet/minecraft/class_1297;FFFF)V"
      },
      "dev/FORE/mixin/EntityRendererMixin": {
        "render": "Lnet/minecraft/class_897;method_3936(Lnet/minecraft/class_1297;FFLnet/minecraft/class_4587;Lnet/minecraft/class_4597;I)V"
      },
      "dev/FORE/mixin/ExplosionMixin": {
        "tick": "Lnet/minecraft/class_1541;method_5773()V"
      },
      "dev/FORE/mixin/FrustumAccessor": {
        "x": "field_20995:D",
        "y": "field_20996:D",
        "z": "field_20997:D"
      },
      "dev/FORE/mixin/GameRendererMixin": {
        "Lnet/minecraft/util/profiler/Profiler;swap(Ljava/lang/String;)V": "Lnet/minecraft/class_3695;method_15405(Ljava/lang/String;)V",
        "renderWorld": "Lnet/minecraft/class_757;method_3188(Lnet/minecraft/class_9779;)V",
        "shouldRenderBlockOutline": "Lnet/minecraft/class_757;method_3202()Z"
      },
      "dev/FORE/mixin/HandledScreenMixin": {
        "focusedSlot": "field_2787:Lnet/minecraft/class_1735;"
      },
      "dev/FORE/mixin/HeightContextMixin": {
        "<init>": "Lnet/minecraft/class_5868;<init>(Lnet/minecraft/class_2794;Lnet/minecraft/class_5539;)V",
        "Lnet/minecraft/world/gen/chunk/ChunkGenerator;getMinimumY()I": "Lnet/minecraft/class_2794;method_33730()I",
        "Lnet/minecraft/world/gen/chunk/ChunkGenerator;getWorldHeight()I": "Lnet/minecraft/class_2794;method_12104()I"
      },
      "dev/FORE/mixin/HeightRangePlacementModifierAccessor": {
        "height": "field_35726:Lnet/minecraft/class_6122;"
      },
      "dev/FORE/mixin/HeldItemRendererMixin": {
        "Lnet/minecraft/client/render/item/HeldItemRenderer;renderFirstPersonItem(Lnet/minecraft/client/network/AbstractClientPlayerEntity;FFLnet/minecraft/util/Hand;FLnet/minecraft/item/ItemStack;FLnet/minecraft/client/util/math/MatrixStack;Lnet/minecraft/client/render/VertexConsumerProvider;I)V": "Lnet/minecraft/class_759;method_3228(Lnet/minecraft/class_742;FFLnet/minecraft/class_1268;FLnet/minecraft/class_1799;FLnet/minecraft/class_4587;Lnet/minecraft/class_4597;I)V",
        "Lnet/minecraft/client/render/item/HeldItemRenderer;renderItem(Lnet/minecraft/entity/LivingEntity;Lnet/minecraft/item/ItemStack;Lnet/minecraft/client/render/model/json/ModelTransformationMode;ZLnet/minecraft/client/util/math/MatrixStack;Lnet/minecraft/client/render/VertexConsumerProvider;I)V": "Lnet/minecraft/class_759;method_3233(Lnet/minecraft/class_1309;Lnet/minecraft/class_1799;Lnet/minecraft/class_811;ZLnet/minecraft/class_4587;Lnet/minecraft/class_4597;I)V",
        "renderFirstPersonItem": "Lnet/minecraft/class_759;method_3228(Lnet/minecraft/class_742;FFLnet/minecraft/class_1268;FLnet/minecraft/class_1799;FLnet/minecraft/class_4587;Lnet/minecraft/class_4597;I)V",
        "renderItem(FLnet/minecraft/client/util/math/MatrixStack;Lnet/minecraft/client/render/VertexConsumerProvider$Immediate;Lnet/minecraft/client/network/ClientPlayerEntity;I)V": "Lnet/minecraft/class_759;method_22976(FLnet/minecraft/class_4587;Lnet/minecraft/class_4597$class_4598;Lnet/minecraft/class_746;I)V"
      },
      "dev/FORE/mixin/IClientWorldMixin": {
        "pendingUpdateManager": "field_37951:Lnet/minecraft/class_7202;"
      },
      "dev/FORE/mixin/InGameHudMixin": {
        "render": "Lnet/minecraft/class_329;method_1753(Lnet/minecraft/class_332;Lnet/minecraft/class_9779;)V"
      },
      "dev/FORE/mixin/ItemModelsMixin": {
        "getModel(Lnet/minecraft/item/ItemStack;)Lnet/minecraft/client/render/model/BakedModel;": "Lnet/minecraft/class_763;method_3308(Lnet/minecraft/class_1799;)Lnet/minecraft/class_1087;"
      },
      "dev/FORE/mixin/ItemStackMixin": {
        "decrement": "Lnet/minecraft/class_1799;method_7934(I)V",
        "getName": "Lnet/minecraft/class_1799;method_7964()Lnet/minecraft/class_2561;"
      },
      "dev/FORE/mixin/KeyBindingAccessor": {
        "boundKey": "field_1655:Lnet/minecraft/class_3675$class_306;"
      },
      "dev/FORE/mixin/KeyboardMixin": {
        "onKey": "Lnet/minecraft/class_309;method_1466(JIIII)V"
      },
      "dev/FORE/mixin/LivingEntityMixin": {
        "getHandSwingDuration": "Lnet/minecraft/class_1309;method_6028()I"
      },
      "dev/FORE/mixin/MainMenuMixin": {
        "Lnet/minecraft/client/gui/DrawContext;drawTextWithShadow(Lnet/minecraft/client/font/TextRenderer;Ljava/lang/String;III)I": "Lnet/minecraft/class_332;method_25303(Lnet/minecraft/class_327;Ljava/lang/String;III)I",
        "render": "Lnet/minecraft/class_442;method_25394(Lnet/minecraft/class_332;IIF)V"
      },
      "dev/FORE/mixin/MinecraftClientAccessor": {
        "doAttack": "method_1536()Z",
        "doItemUse": "method_1583()V"
      },
      "dev/FORE/mixin/MinecraftClientMixin": {
        "doAttack": "Lnet/minecraft/class_310;method_1536()Z",
        "doItemUse": "Lnet/minecraft/class_310;method_1583()V",
        "handleBlockBreaking": "Lnet/minecraft/class_310;method_1590(Z)V",
        "onResolutionChanged": "Lnet/minecraft/class_310;method_15993()V",
        "setScreen": "Lnet/minecraft/class_310;method_1507(Lnet/minecraft/class_437;)V",
        "stop": "Lnet/minecraft/class_310;method_1490()V",
        "tick": "Lnet/minecraft/class_310;method_1574()V"
      },
      "dev/FORE/mixin/MobSpawnerLogicAccessor": {
        "spawnEntry": "field_9155:Lnet/minecraft/class_1952;"
      },
      "dev/FORE/mixin/MouseMixin": {
        "onMouseButton": "Lnet/minecraft/class_312;method_1601(JIII)V",
        "onMouseScroll": "Lnet/minecraft/class_312;method_1598(JDD)V"
      },
      "dev/FORE/mixin/ParticleManagerMixin": {
        "addParticle(Lnet/minecraft/particle/ParticleEffect;DDDDDD)Lnet/minecraft/client/particle/Particle;": "Lnet/minecraft/class_702;method_3056(Lnet/minecraft/class_2394;DDDDDD)Lnet/minecraft/class_703;"
      },
      "dev/FORE/mixin/PlayerInventoryAccessorMixin": {
        "selectedSlot": "field_7545:I"
      },
      "dev/FORE/mixin/RarityFilterPlacementModifierAccessor": {
        "chance": "field_35753:I"
      },
      "dev/FORE/mixin/ScreenMixin": {
        "renderBackground": "Lnet/minecraft/class_437;method_25420(Lnet/minecraft/class_332;IIF)V",
        "resize": "Lnet/minecraft/class_437;method_25410(Lnet/minecraft/class_310;II)V",
        "setInitialFocus": "Lnet/minecraft/class_437;method_56131()V"
      },
      "dev/FORE/mixin/TextVisitFactoryMixin": {
        "Lnet/minecraft/text/TextVisitFactory;visitFormatted(Ljava/lang/String;ILnet/minecraft/text/Style;Lnet/minecraft/text/Style;Lnet/minecraft/text/CharacterVisitor;)Z": "Lnet/minecraft/class_5223;method_27473(Ljava/lang/String;ILnet/minecraft/class_2583;Lnet/minecraft/class_2583;Lnet/minecraft/class_5224;)Z",
        "visitFormatted(Ljava/lang/String;ILnet/minecraft/text/Style;Lnet/minecraft/text/CharacterVisitor;)Z": "Lnet/minecraft/class_5223;method_27472(Ljava/lang/String;ILnet/minecraft/class_2583;Lnet/minecraft/class_5224;)Z"
      },
      "dev/FORE/mixin/TitleScreenMixin": {
        "init": "Lnet/minecraft/class_442;method_25426()V"
      },
      "dev/FORE/mixin/TridentItemMixin": {
        "Lnet/minecraft/entity/player/PlayerEntity;addVelocity(DDD)V": "Lnet/minecraft/class_1657;method_5762(DDD)V",
        "Lnet/minecraft/entity/player/PlayerEntity;isTouchingWaterOrRain()Z": "Lnet/minecraft/class_1657;method_5721()Z",
        "onStoppedUsing": "Lnet/minecraft/class_1835;method_7840(Lnet/minecraft/class_1799;Lnet/minecraft/class_1937;Lnet/minecraft/class_1309;I)V",
        "use": "Lnet/minecraft/class_1835;method_7836(Lnet/minecraft/class_1937;Lnet/minecraft/class_1657;Lnet/minecraft/class_1268;)Lnet/minecraft/class_1271;"
      },
      "dev/FORE/mixin/WorldChunkMixin": {
        "setBlockState": "Lnet/minecraft/class_2818;method_12010(Lnet/minecraft/class_2338;Lnet/minecraft/class_2680;Z)Lnet/minecraft/class_2680;"
      }
    }
  }
}